<application>
  <component name="TipsStore">
    <option name="globalFirstStartUp" value="false" />
    <entry projectPath="$USER_HOME$" startUpFlag="FIRST" />
    <entry projectPath="$USER_HOME$/Desktop/12306-ticket" startUpFlag="FIRST" />
    <entry projectPath="$USER_HOME$/Desktop/Django-Travel" startUpFlag="FIRST" />
    <entry projectPath="$USER_HOME$/Desktop/coin-mall-server" startUpFlag="FIRST" />
    <entry projectPath="$USER_HOME$/Desktop/seata-demo" startUpFlag="FIRST" />
    <entry projectPath="$USER_HOME$/Desktop/yiyou_parent" startUpFlag="FIRST" />
    <entry projectPath="$USER_HOME$/IdeaProjects/Server" startUpFlag="FIRST" />
    <entry projectPath="$USER_HOME$/IdeaProjects/activity-ad" startUpFlag="FIRST" />
    <entry projectPath="$USER_HOME$/IdeaProjects/activity-service" startUpFlag="FIRST" />
    <entry projectPath="$USER_HOME$/IdeaProjects/activity_oral" startUpFlag="FIRST" />
    <entry projectPath="$USER_HOME$/IdeaProjects/aliyun" startUpFlag="FIRST" />
    <entry projectPath="$USER_HOME$/IdeaProjects/api-zuul" startUpFlag="FIRST" />
    <entry projectPath="$USER_HOME$/IdeaProjects/blue-bird" startUpFlag="FIRST" />
    <entry projectPath="$USER_HOME$/IdeaProjects/campaign" startUpFlag="FIRST" />
    <entry projectPath="$USER_HOME$/IdeaProjects/coin-goods-server" startUpFlag="FIRST" />
    <entry projectPath="$USER_HOME$/IdeaProjects/coin-mall-server" startUpFlag="FIRST" />
    <entry projectPath="$USER_HOME$/IdeaProjects/coin-manage-server" startUpFlag="FIRST" />
    <entry projectPath="$USER_HOME$/IdeaProjects/coin-manager-server" startUpFlag="FIRST" />
    <entry projectPath="$USER_HOME$/IdeaProjects/coin_center_server" startUpFlag="FIRST" />
    <entry projectPath="$USER_HOME$/IdeaProjects/coin_center_starter" startUpFlag="FIRST" />
    <entry projectPath="$USER_HOME$/IdeaProjects/course" startUpFlag="FIRST" />
    <entry projectPath="$USER_HOME$/IdeaProjects/courseware" startUpFlag="FIRST" />
    <entry projectPath="$USER_HOME$/IdeaProjects/demo" startUpFlag="FIRST" />
    <entry projectPath="$USER_HOME$/IdeaProjects/gaotu-activity-server" startUpFlag="FIRST" />
    <entry projectPath="$USER_HOME$/IdeaProjects/goods" startUpFlag="FIRST" />
    <entry projectPath="$USER_HOME$/IdeaProjects/homework" startUpFlag="FIRST" />
    <entry projectPath="$USER_HOME$/IdeaProjects/introduction" startUpFlag="FIRST" />
    <entry projectPath="$USER_HOME$/IdeaProjects/jiaoyan-exam" startUpFlag="FIRST" />
    <entry projectPath="$USER_HOME$/IdeaProjects/linglong" startUpFlag="FIRST" />
    <entry projectPath="$USER_HOME$/IdeaProjects/lucky-draw" startUpFlag="FIRST" />
    <entry projectPath="$USER_HOME$/IdeaProjects/maven-multi-env" startUpFlag="FIRST" />
    <entry projectPath="$USER_HOME$/IdeaProjects/mojito" startUpFlag="FIRST" />
    <entry projectPath="$USER_HOME$/IdeaProjects/order" startUpFlag="FIRST" />
    <entry projectPath="$USER_HOME$/IdeaProjects/poetry_wx_applet" startUpFlag="FIRST" />
    <entry projectPath="$USER_HOME$/IdeaProjects/rocketmq-4.8.0" startUpFlag="FIRST" />
    <entry projectPath="$USER_HOME$/IdeaProjects/spring-boot-demo" startUpFlag="FIRST" />
    <entry projectPath="$USER_HOME$/IdeaProjects/spring-cloud" startUpFlag="FIRST" />
    <entry projectPath="$USER_HOME$/IdeaProjects/test-new" startUpFlag="FIRST" />
    <entry projectPath="$USER_HOME$/IdeaProjects/user" startUpFlag="FIRST" />
    <entry projectPath="$USER_HOME$/IdeaProjects/user-medal-server" startUpFlag="FIRST" />
    <entry projectPath="$USER_HOME$/IdeaProjects/weixin-facade" startUpFlag="FIRST" />
    <entry projectPath="$USER_HOME$/IdeaProjects/ws-server" startUpFlag="FIRST" />
  </component>
</application>