<application>
  <component name="AccountStore">
    <option name="accountString" value="{&quot;xiaobobo&quot;:{&quot;profileName&quot;:&quot;xiaobobo&quot;,&quot;ak&quot;:&quot;LTAI4G18dkskBAnNVinzzna9&quot;,&quot;secret&quot;:&quot;7PhVJAv5FxsLSk7ajvtAHrTj7TwSNW&quot;,&quot;show&quot;:false}}" />
    <option name="allAccount">
      <map>
        <entry key="xiaobobo">
          <value>
            <AccountModel>
              <option name="ak" value="LTAI4G18dkskBAnNVinzzna9" />
              <option name="profileName" value="xiaobobo" />
              <option name="secret" value="7PhVJAv5FxsLSk7ajvtAHrTj7TwSNW" />
            </AccountModel>
          </value>
        </entry>
      </map>
    </option>
    <option name="defaultProfile" value="xiaobobo" />
  </component>
</application>