<application>
  <component name="AppStorage">
    <histories>
      <item value="If any consumer is alive in a machine room, the message queue of the broker which is deployed in the same machine * should only be allocated to those. Otherwise, those message queues can be shared along all consumers since there are * no alive consumer to monopolize them." />
      <item value="Reset common introspection caches in Spring's core, since we // might not ever need metadata for singleton beans anymore..." />
      <item value="Create a new AnnotationConfigApplicationContext, deriving bean definitions * from the given component classes and automatically refreshing the context. * @param componentClasses one or more component classes &amp;mdash; for example, * {@link Configuration @Configuration} classes" />
      <item value="Consistent creation of early reference within full singleton lock" />
      <item value="the charset. If this parameter is null, the * platform's default chatset is used." />
      <item value="the encoding to be used. Currently supported * values are &quot;B&quot; and &quot;Q&quot;. If this parameter is null, then * the &quot;Q&quot; encoding is used if most of characters to be * encoded are in the ASCII charset, otherwise &quot;B&quot; encoding * is used." />
      <item value="Invariants" />
      <item value="Counselor" />
      <item value="Returns the bounding rectangle of the current clipping area. * This method refers to the user clip, which is independent of the * clipping associated with device bounds and window visibility. * If no clip has previously been set, or if the clip has been * cleared using &lt;code&gt;setClip(null)&lt;/code&gt;, this method returns" />
      <item value="去重 if" />
      <item value="poster Summary" />
      <item value="is Over Costome Time" />
      <item value="Costume" />
      <item value="Costome" />
      <item value="Local" />
    </histories>
    <option name="languageScores">
      <map>
        <entry key="CHINESE" value="15" />
        <entry key="ENGLISH" value="16" />
      </map>
    </option>
  </component>
</application>